{"biology": {"corr": 85.0, "wrong": 632.0, "acc": 0.11854951185495119}, "total": {"corr": 85.0, "wrong": 632.0, "acc": 0.11854951185495119}}