{"business": {"corr": 68.0, "wrong": 721.0, "acc": 0.08618504435994931}, "total": {"corr": 68.0, "wrong": 721.0, "acc": 0.08618504435994931}}