{"chemistry": {"corr": 115.0, "wrong": 1017.0, "acc": 0.10159010600706714}, "total": {"corr": 115.0, "wrong": 1017.0, "acc": 0.10159010600706714}}