{"computer science": {"corr": 57.0, "wrong": 353.0, "acc": 0.13902439024390245}, "total": {"corr": 57.0, "wrong": 353.0, "acc": 0.13902439024390245}}