{"economics": {"corr": 8.0, "wrong": 77.0, "acc": 0.09411764705882353}, "total": {"corr": 8.0, "wrong": 77.0, "acc": 0.09411764705882353}}