{"engineering": {"corr": 97.0, "wrong": 872.0, "acc": 0.1001031991744066}, "total": {"corr": 97.0, "wrong": 872.0, "acc": 0.1001031991744066}}