{"health": {"corr": 100.0, "wrong": 718.0, "acc": 0.12224938875305623}, "total": {"corr": 100.0, "wrong": 718.0, "acc": 0.12224938875305623}}