{"law": {"corr": 4.0, "wrong": 40.0, "acc": 0.09090909090909091}, "total": {"corr": 4.0, "wrong": 40.0, "acc": 0.09090909090909091}}