{"math": {"corr": 31.0, "wrong": 288.0, "acc": 0.09717868338557993}, "total": {"corr": 31.0, "wrong": 288.0, "acc": 0.09717868338557993}}