{"other": {"corr": 35.0, "wrong": 337.0, "acc": 0.09408602150537634}, "total": {"corr": 35.0, "wrong": 337.0, "acc": 0.09408602150537634}}