{"philosophy": {"corr": 63.0, "wrong": 436.0, "acc": 0.12625250501002003}, "total": {"corr": 63.0, "wrong": 436.0, "acc": 0.12625250501002003}}