{"physics": {"corr": 67.0, "wrong": 536.0, "acc": 0.1111111111111111}, "total": {"corr": 67.0, "wrong": 536.0, "acc": 0.1111111111111111}}