{"psychology": {"corr": 20.0, "wrong": 130.0, "acc": 0.13333333333333333}, "total": {"corr": 20.0, "wrong": 130.0, "acc": 0.13333333333333333}}