{"biology": {"corr": 22.0, "wrong": 167.0, "acc": 0.1164021164021164}, "total": {"corr": 22.0, "wrong": 167.0, "acc": 0.1164021164021164}}