{"business": {"corr": 83.0, "wrong": 706.0, "acc": 0.10519645120405577}, "total": {"corr": 83.0, "wrong": 706.0, "acc": 0.10519645120405577}}