{"chemistry": {"corr": 25.0, "wrong": 291.0, "acc": 0.07911392405063292}, "total": {"corr": 25.0, "wrong": 291.0, "acc": 0.07911392405063292}}