{"chemistry": {"corr": 81.0, "wrong": 735.0, "acc": 0.09926470588235294}, "total": {"corr": 81.0, "wrong": 735.0, "acc": 0.09926470588235294}}