{"computer science": {"corr": 43.0, "wrong": 319.0, "acc": 0.11878453038674033}, "total": {"corr": 43.0, "wrong": 319.0, "acc": 0.11878453038674033}}