{"economics": {"corr": 62.0, "wrong": 542.0, "acc": 0.10264900662251655}, "total": {"corr": 62.0, "wrong": 542.0, "acc": 0.10264900662251655}}