{"engineering": {"corr": 8.0, "wrong": 49.0, "acc": 0.14035087719298245}, "total": {"corr": 8.0, "wrong": 49.0, "acc": 0.14035087719298245}}