{"health": {"corr": 32.0, "wrong": 211.0, "acc": 0.13168724279835392}, "total": {"corr": 32.0, "wrong": 211.0, "acc": 0.13168724279835392}}