{"law": {"corr": 131.0, "wrong": 970.0, "acc": 0.11898274296094459}, "total": {"corr": 131.0, "wrong": 970.0, "acc": 0.11898274296094459}}