{"math": {"corr": 87.0, "wrong": 688.0, "acc": 0.11225806451612903}, "total": {"corr": 87.0, "wrong": 688.0, "acc": 0.11225806451612903}}