{"other": {"corr": 96.0, "wrong": 732.0, "acc": 0.11594202898550725}, "total": {"corr": 96.0, "wrong": 732.0, "acc": 0.11594202898550725}}