{"philosophy": {"corr": 74.0, "wrong": 425.0, "acc": 0.14829659318637275}, "total": {"corr": 74.0, "wrong": 425.0, "acc": 0.14829659318637275}}