{"physics": {"corr": 16.0, "wrong": 131.0, "acc": 0.10884353741496598}, "total": {"corr": 16.0, "wrong": 131.0, "acc": 0.10884353741496598}}