{"psychology": {"corr": 14.0, "wrong": 112.0, "acc": 0.1111111111111111}, "total": {"corr": 14.0, "wrong": 112.0, "acc": 0.1111111111111111}}